dataset,accuracy,loss,training_time
ECG5000,0.1899999976158142,1.6276440620422363,55.47493028640747
