dataset,accuracy,loss,training_time
UCI_HAR,0.9097387194633484,0.3360784649848938,543.7009541988373
