dataset,accuracy,loss,training_time
Fashion MNIST,0.7875000238418579,0.7818313241004944,7098.569711446762
CIFAR-10,0.5458999872207642,1.6211508512496948,4859.373384237289
