Dataset,Tiempo (s),Precisión
MNIST,114.35525274276733,0.9919999837875366
CIFAR-10,145.3442723751068,0.6488000154495239
